[{"url":"https://detail.tmall.com/item.htm?spm=a220z.1000880.0.0.kKOBWa&acm=lb-zebra-164656-978614.1003.4.2269880&id=565573818599&scm=1003.4.lb-zebra-164656-978614.ITEM_565573818599_2269880","img_src":"https://img.alicdn.com/imgextra/i1/901409638/TB2Fg5.dr9YBuNjy0FgXXcxcXXa_!!901409638.jpg","name":"OPPO R15新品","descrption":"前置2000万AI智慧美颜","price":"2699","sales":"21069"},{"url":"https://detail.tmall.com/item.htm?acm=lb-zebra-164656-978614.1003.4.2269880&id=566603286049&scm=1003.4.lb-zebra-164656-978614.ITEM_566603286049_2269880","img_src":"https://img.alicdn.com/imgextra/i4/2838892713/TB29m7simtYBeNjSspkXXbU8VXa_!!2838892713.jpg","name":"HUAWEI P20","descrption":"旗舰新品 震撼开售","price":"3788","sales":"14839"},{"url":"https://detail.tmall.com/item.htm?acm=lb-zebra-164656-978614.1003.4.2269880&id=566605082411&scm=1003.4.lb-zebra-164656-978614.ITEM_566605082411_2269880","img_src":"https://img.alicdn.com/imgextra/i2/2838892713/TB2ICvsiamWBuNjy1XaXXXCbXXa_!!2838892713.jpg","name":"HUAWEI P20 Pro","descrption":"4000万徕卡三摄 AI摄影大师","price":"4988","sales":"28946"},{"url":"https://detail.tmall.com/item.htm?acm=lb-zebra-164656-978614.1003.4.2269880&id=566514157182&scm=1003.4.lb-zebra-164656-978614.ITEM_566514157182_2269880","img_src":"https://img.alicdn.com/imgextra/i4/1114511827/TB29DMubHArBKNjSZFLXXc_dVXa_!!1114511827.jpg","name":"荣耀畅玩7A","descrption":"全屏\\刷脸 与声俱来","price":"799","sales":"6043"},{"url":"https://detail.tmall.com/item.htm?acm=lb-zebra-164656-978614.1003.4.2269880&id=566086018489&scm=1003.4.lb-zebra-164656-978614.ITEM_566086018489_2269880","img_src":"https://img.alicdn.com/imgextra/i1/883737303/TB2jhyHepGWBuNjy0FbXXb4sXXa-883737303.jpg","name":"vivo Y69全网通","descrption":"前置1600万柔光自拍","price":"1199","sales":"12101"},{"url":"https://detail.tmall.com/item.htm?acm=lb-zebra-164656-978614.1003.4.2269880&id=566175799630&scm=1003.4.lb-zebra-164656-978614.ITEM_566175799630_2269880","img_src":"https://img.alicdn.com/imgextra/i3/883737303/TB264uzerGYBuNjy0FoXXciBFXa-883737303.jpg","name":"vivo Y85全面屏","descrption":"新品上市 购机赠豪礼","price":"1598","sales":"14209"},{"url":"https://detail.tmall.com/item.htm?acm=lb-zebra-164656-978614.1003.4.2269880&id=566401006952&scm=1003.4.lb-zebra-164656-978614.ITEM_566401006952_2269880","img_src":"https://img.alicdn.com/imgextra/i1/2838892713/TB2Hu1SfpGWBuNjy0FbXXb4sXXa_!!2838892713.png","name":"华为畅享8","descrption":"新品首购抢好礼","price":"1299","sales":"9355"},{"url":"https://detail.tmall.com/item.htm?acm=lb-zebra-164656-978614.1003.4.2269880&id=566146837804&scm=1003.4.lb-zebra-164656-978614.ITEM_566146837804_2269880","img_src":"https://img.alicdn.com/imgextra/i4/2838892713/TB23q.edqmWBuNjy1XaXXXCbXXa_!!2838892713.jpg","name":"HUAWEI nova 3e","descrption":"稀缺货源 3期免息","price":"1999","sales":"38185"},{"url":"https://detail.tmall.com/item.htm?spm=a220z.1000880.0.0.e09z6O&sku_properties=5919063:6536025&acm=lb-zebra-164656-978614.1003.4.2269880&id=565698351249&scm=1003.4.lb-zebra-164656-978614.ITEM_565698351249_2269880","img_src":"https://img.alicdn.com/imgextra/i1/1677335387/TB2SFPteY1YBuNjSszeXXablFXa_!!1677335387.jpg","name":"努比亚 V18全面屏","descrption":"4000mAh大电量","price":"1299","sales":"4657"},{"url":"https://detail.tmall.com/item.htm?acm=lb-zebra-164656-978614.1003.4.2269880&id=565099356045&scm=1003.4.lb-zebra-164656-978614.ITEM_565099356045_2269880","img_src":"https://img.alicdn.com/imgextra/i4/1695308781/TB2txcxlr1YBuNjSszhXXcUsFXa_!!1695308781.jpg","name":"魅蓝 E3","descrption":"魅蓝E3  J-20定制IP 限量预售","price":"1999","sales":"2680"}]
